{
  "id": "1791323",
  "name": "edu_admin",
  "font_family": "iconfont",
  "css_prefix_text": "icon-",
  "description": "",
  "glyphs": [
    {
      "icon_id": "788014",
      "name": "logo",
      "font_class": "logo",
      "unicode": "e63c",
      "unicode_decimal": 58940
    },
    {
      "icon_id": "652904",
      "name": "moreclass",
      "font_class": "moreclass",
      "unicode": "e625",
      "unicode_decimal": 58917
    },
    {
      "icon_id": "755539",
      "name": "pic",
      "font_class": "pic",
      "unicode": "e621",
      "unicode_decimal": 58913
    },
    {
      "icon_id": "3742860",
      "name": "学士帽",
      "font_class": "xueshimao",
      "unicode": "e60b",
      "unicode_decimal": 58891
    },
    {
      "icon_id": "5326857",
      "name": "add",
      "font_class": "add",
      "unicode": "e649",
      "unicode_decimal": 58953
    },
    {
      "icon_id": "7119846",
      "name": "首页",
      "font_class": "shouye",
      "unicode": "e73d",
      "unicode_decimal": 59197
    },
    {
      "icon_id": "7120353",
      "name": "喜欢",
      "font_class": "xihuan",
      "unicode": "e742",
      "unicode_decimal": 59202
    },
    {
      "icon_id": "7120361",
      "name": "我的",
      "font_class": "wode",
      "unicode": "e743",
      "unicode_decimal": 59203
    },
    {
      "icon_id": "7120577",
      "name": "查找",
      "font_class": "chazhao",
      "unicode": "e74b",
      "unicode_decimal": 59211
    },
    {
      "icon_id": "7122403",
      "name": "卡片",
      "font_class": "qiapian",
      "unicode": "e772",
      "unicode_decimal": 59250
    },
    {
      "icon_id": "8776692",
      "name": "message",
      "font_class": "icon-test",
      "unicode": "e635",
      "unicode_decimal": 58933
    },
    {
      "icon_id": "8776706",
      "name": "message_unread",
      "font_class": "icon-test1",
      "unicode": "e636",
      "unicode_decimal": 58934
    },
    {
      "icon_id": "8776843",
      "name": "edit",
      "font_class": "icon-test2",
      "unicode": "e63d",
      "unicode_decimal": 58941
    },
    {
      "icon_id": "8776871",
      "name": "link",
      "font_class": "icon-test3",
      "unicode": "e63e",
      "unicode_decimal": 58942
    },
    {
      "icon_id": "8776872",
      "name": "share",
      "font_class": "icon-test4",
      "unicode": "e63f",
      "unicode_decimal": 58943
    },
    {
      "icon_id": "8777492",
      "name": "like",
      "font_class": "icon-test5",
      "unicode": "e657",
      "unicode_decimal": 58967
    },
    {
      "icon_id": "8777493",
      "name": "like_filled",
      "font_class": "icon-test6",
      "unicode": "e658",
      "unicode_decimal": 58968
    },
    {
      "icon_id": "8777509",
      "name": "arrow_up",
      "font_class": "icon-test7",
      "unicode": "e659",
      "unicode_decimal": 58969
    },
    {
      "icon_id": "8777510",
      "name": "arrow_left",
      "font_class": "icon-test8",
      "unicode": "e65a",
      "unicode_decimal": 58970
    },
    {
      "icon_id": "8777511",
      "name": "arrow_down",
      "font_class": "icon-test9",
      "unicode": "e65b",
      "unicode_decimal": 58971
    },
    {
      "icon_id": "8777512",
      "name": "arrow_right",
      "font_class": "icon-test10",
      "unicode": "e65c",
      "unicode_decimal": 58972
    },
    {
      "icon_id": "12593293",
      "name": "铅笔",
      "font_class": "qianbi",
      "unicode": "e6f5",
      "unicode_decimal": 59125
    }
  ]
}
